-- MySQL dump 10.13  Distrib 8.0.18, for Win64 (x86_64)
--
-- Host: localhost    Database: gymplus
-- ------------------------------------------------------
-- Server version	8.0.37

/*!40101 SET @OLD_CHARACTER_SET_CLIENT=@@CHARACTER_SET_CLIENT */;
/*!40101 SET @OLD_CHARACTER_SET_RESULTS=@@CHARACTER_SET_RESULTS */;
/*!40101 SET @OLD_COLLATION_CONNECTION=@@COLLATION_CONNECTION */;
/*!50503 SET NAMES utf8mb4 */;
/*!40103 SET @OLD_TIME_ZONE=@@TIME_ZONE */;
/*!40103 SET TIME_ZONE='+00:00' */;
/*!40014 SET @OLD_UNIQUE_CHECKS=@@UNIQUE_CHECKS, UNIQUE_CHECKS=0 */;
/*!40014 SET @OLD_FOREIGN_KEY_CHECKS=@@FOREIGN_KEY_CHECKS, FOREIGN_KEY_CHECKS=0 */;
/*!40101 SET @OLD_SQL_MODE=@@SQL_MODE, SQL_MODE='NO_AUTO_VALUE_ON_ZERO' */;
/*!40111 SET @OLD_SQL_NOTES=@@SQL_NOTES, SQL_NOTES=0 */;

--
-- Table structure for table `measurement`
--

DROP TABLE IF EXISTS `measurement`;
/*!40101 SET @saved_cs_client     = @@character_set_client */;
/*!50503 SET character_set_client = utf8mb4 */;
CREATE TABLE `measurement` (
  `id` bigint NOT NULL AUTO_INCREMENT,
  `member_id` int DEFAULT NULL,
  `height` float DEFAULT NULL,
  `weight` float DEFAULT NULL,
  `imc` float DEFAULT NULL,
  `arm` float DEFAULT NULL,
  `chest` float DEFAULT NULL,
  `abdomen` float DEFAULT NULL,
  `gluteus` float DEFAULT NULL,
  `thigh` float DEFAULT NULL,
  `createdAt` timestamp NULL DEFAULT NULL,
  `updatedAt` timestamp NULL DEFAULT NULL,
  PRIMARY KEY (`id`),
  KEY `member_id` (`member_id`),
  CONSTRAINT `measurement_ibfk_1` FOREIGN KEY (`member_id`) REFERENCES `member` (`id`)
) ENGINE=InnoDB AUTO_INCREMENT=3 DEFAULT CHARSET=utf8mb4 COLLATE=utf8mb4_0900_ai_ci;
/*!40101 SET character_set_client = @saved_cs_client */;

--
-- Dumping data for table `measurement`
--

LOCK TABLES `measurement` WRITE;
/*!40000 ALTER TABLE `measurement` DISABLE KEYS */;
INSERT INTO `measurement` VALUES (1,2,1.65,146,24.32,24,25,56,64,35,'2024-09-26 18:59:42','2024-09-26 18:59:42'),(2,3,1.43,90,19.96,24,36,63,74,35,'2024-09-26 19:08:09','2024-09-26 19:08:09');
/*!40000 ALTER TABLE `measurement` ENABLE KEYS */;
UNLOCK TABLES;

--
-- Table structure for table `member`
--

DROP TABLE IF EXISTS `member`;
/*!40101 SET @saved_cs_client     = @@character_set_client */;
/*!50503 SET character_set_client = utf8mb4 */;
CREATE TABLE `member` (
  `id` int NOT NULL AUTO_INCREMENT,
  `name` varchar(50) NOT NULL,
  `last_name` varchar(30) NOT NULL,
  `phone_number` bigint NOT NULL,
  `email` varchar(60) DEFAULT NULL,
  `date_of_birth` date DEFAULT NULL,
  `gender` varchar(15) CHARACTER SET utf8mb4 COLLATE utf8mb4_0900_ai_ci NOT NULL,
  `emergency_contact_number` bigint DEFAULT NULL,
  `emergency_contact_name` varchar(55) DEFAULT NULL,
  `allergies` varchar(300) DEFAULT NULL,
  `blood_type` varchar(8) CHARACTER SET utf8mb4 COLLATE utf8mb4_0900_ai_ci DEFAULT NULL,
  `last_payment` int DEFAULT NULL,
  `membership_type` varchar(10) CHARACTER SET utf8mb4 COLLATE utf8mb4_0900_ai_ci DEFAULT NULL,
  `membership_status` varchar(20) NOT NULL DEFAULT 'Inactive',
  `last_visit` datetime DEFAULT NULL,
  `active_days` bigint DEFAULT NULL,
  `porfileImage` varchar(255) DEFAULT NULL,
  `createdAt` timestamp NULL DEFAULT CURRENT_TIMESTAMP,
  `updatedAt` timestamp NULL DEFAULT CURRENT_TIMESTAMP ON UPDATE CURRENT_TIMESTAMP,
  PRIMARY KEY (`id`),
  KEY `last_payment` (`last_payment`),
  CONSTRAINT `member_ibfk_1` FOREIGN KEY (`last_payment`) REFERENCES `membership_payment` (`id`)
) ENGINE=InnoDB AUTO_INCREMENT=10 DEFAULT CHARSET=utf8mb4 COLLATE=utf8mb4_0900_ai_ci;
/*!40101 SET character_set_client = @saved_cs_client */;

--
-- Dumping data for table `member`
--

LOCK TABLES `member` WRITE;
/*!40000 ALTER TABLE `member` DISABLE KEYS */;
INSERT INTO `member` VALUES (1,'admin','admin',5574,'admin@gymplus.com','2024-06-20','Masculino',NULL,NULL,NULL,NULL,NULL,'1','Inactivo',NULL,NULL,NULL,NULL,'2024-07-25 21:12:31'),(2,'Nathan','Valdez',557452,'','2024-06-09','Masculino',NULL,'','','',36,'1','Activo',NULL,2,NULL,'2024-06-20 22:02:21','2024-09-10 17:46:53'),(3,'Ricardo','Valdez',123456878,'gl;k@gmail.com','2024-06-19','Masculino',1234346,'asdfgdh','none','A+',34,'1','Activo',NULL,NULL,NULL,'2024-06-21 18:07:10','2024-09-10 17:44:45'),(4,'Norma ','Valdez',23656875467,'dfsdf','2024-06-17','Femenino',NULL,'','','',30,'1','Inactivo',NULL,NULL,NULL,'2024-06-21 22:48:21','2024-09-25 14:10:31'),(5,'Juan Oracio Tzun','Gonzales Carrascoza',234,'juan@gmail.com','1994-07-06','Masculino',856775,'mama','alacranes','B-',35,'1','Inactivo',NULL,NULL,NULL,'2024-07-02 14:41:34','2024-09-25 14:10:31'),(8,'Cristiano Ronaldo','Dos Santos Aveiro',454223,'','1985-02-05','Masculino',NULL,'','','A-',33,'1','Activo',NULL,NULL,'Cristiano-Ronaldo-ceremony-rename-airport-Santa-Cruz-Madeira-Portugal-March-29-2017.webp','2024-09-09 19:06:44','2024-09-11 14:39:31'),(9,'Javier (chicharito)','Hernandez Blacazar',5246423345674,'javierchicharito@gmail.com','1973-12-07','Otro',5234365457567,'','Gatos','B-',NULL,NULL,'Inactivo',NULL,NULL,'17125358508472.jpg','2024-09-11 17:32:08','2024-09-11 17:57:15');
/*!40000 ALTER TABLE `member` ENABLE KEYS */;
UNLOCK TABLES;

--
-- Table structure for table `membership_payment`
--

DROP TABLE IF EXISTS `membership_payment`;
/*!40101 SET @saved_cs_client     = @@character_set_client */;
/*!50503 SET character_set_client = utf8mb4 */;
CREATE TABLE `membership_payment` (
  `id` int NOT NULL AUTO_INCREMENT,
  `member_id` int NOT NULL,
  `membership_plan` int NOT NULL,
  `billing_quantity` int DEFAULT NULL,
  `billing_cycle` int NOT NULL,
  `initialpaymentdate` date NOT NULL,
  `nextpaymentdate` date NOT NULL,
  `subtotal` float NOT NULL,
  `discounts` float DEFAULT NULL,
  `discounts_description` varchar(400) CHARACTER SET utf8mb4 COLLATE utf8mb4_0900_ai_ci DEFAULT NULL,
  `total` float NOT NULL,
  `payment_method` int NOT NULL,
  `cash` float DEFAULT NULL,
  `change` float DEFAULT NULL,
  `payment_status` int NOT NULL,
  `payment_reference` varchar(20) DEFAULT NULL,
  `admin_member_id` int NOT NULL,
  `createdAt` timestamp NULL DEFAULT CURRENT_TIMESTAMP,
  `updatedAt` timestamp NULL DEFAULT CURRENT_TIMESTAMP ON UPDATE CURRENT_TIMESTAMP,
  PRIMARY KEY (`id`),
  KEY `member_id` (`member_id`),
  KEY `admin_member_id` (`admin_member_id`),
  CONSTRAINT `membership_payment_ibfk_1` FOREIGN KEY (`member_id`) REFERENCES `member` (`id`),
  CONSTRAINT `membership_payment_ibfk_2` FOREIGN KEY (`admin_member_id`) REFERENCES `user` (`member_id`)
) ENGINE=InnoDB AUTO_INCREMENT=37 DEFAULT CHARSET=utf8mb4 COLLATE=utf8mb4_0900_ai_ci;
/*!40101 SET character_set_client = @saved_cs_client */;

--
-- Dumping data for table `membership_payment`
--

LOCK TABLES `membership_payment` WRITE;
/*!40000 ALTER TABLE `membership_payment` DISABLE KEYS */;
INSERT INTO `membership_payment` VALUES (28,2,1,4,1,'2024-08-23','2024-09-13',20,5,'es pana',15,1,20,0,1,'',1,'2024-08-23 15:04:17','2024-09-09 16:59:11'),(29,3,1,2,1,'2024-08-23','2024-08-25',10,0,'',10,1,10,0,1,'',1,'2024-08-23 15:10:23','2024-09-04 03:33:41'),(30,4,1,3,2,'2024-08-23','2024-09-24',30,0,'',30,1,300,0,1,'',1,'2024-08-23 15:10:49','2024-09-03 22:25:45'),(31,5,1,6,1,'2024-08-30','2024-09-05',30,0,'',30,1,30,0,1,'',1,'2024-08-30 22:30:26','2024-08-30 22:30:26'),(32,2,1,2,1,'2024-08-30','2024-09-01',10,0,'',10,1,10,0,1,'',1,'2024-08-30 22:42:52','2024-08-30 22:42:52'),(33,8,1,1,4,'2024-09-11','2025-09-11',1000,500,'Membrecia Al-Nassr',500,1,700,200,1,'',1,'2024-09-10 16:16:53','2024-09-10 16:16:53'),(34,3,1,3,2,'2024-09-10','2024-10-01',30,0,'',30,1,30,0,1,'',1,'2024-09-10 17:44:45','2024-09-10 17:44:45'),(35,5,1,2,2,'2024-09-10','2024-09-24',20,0,'',20,1,20,0,1,'',1,'2024-09-10 17:46:06','2024-09-10 17:46:06'),(36,2,1,6,2,'2024-09-10','2024-10-22',60,20,'si',40,1,50,10,1,'',1,'2024-09-10 17:46:53','2024-09-10 17:46:53');
/*!40000 ALTER TABLE `membership_payment` ENABLE KEYS */;
UNLOCK TABLES;
/*!50003 SET @saved_cs_client      = @@character_set_client */ ;
/*!50003 SET @saved_cs_results     = @@character_set_results */ ;
/*!50003 SET @saved_col_connection = @@collation_connection */ ;
/*!50003 SET character_set_client  = utf8mb4 */ ;
/*!50003 SET character_set_results = utf8mb4 */ ;
/*!50003 SET collation_connection  = utf8mb4_0900_ai_ci */ ;
/*!50003 SET @saved_sql_mode       = @@sql_mode */ ;
/*!50003 SET sql_mode              = 'ONLY_FULL_GROUP_BY,STRICT_TRANS_TABLES,NO_ZERO_IN_DATE,NO_ZERO_DATE,ERROR_FOR_DIVISION_BY_ZERO,NO_ENGINE_SUBSTITUTION' */ ;
DELIMITER ;;
/*!50003 CREATE*/ /*!50017 DEFINER=`root`@`localhost`*/ /*!50003 TRIGGER `after_membership_payment_insert` AFTER INSERT ON `membership_payment` FOR EACH ROW BEGIN
    -- Actualizar la fecha de próximo pago, estado de membresía y el último pago en la tabla member
    UPDATE member
    SET 
        last_payment = NEW.id,
        membership_type = NEW.membership_plan,
        membership_status = CASE
            WHEN NEW.initialpaymentdate = CURDATE() THEN 'Activo'
            ELSE membership_status
        END
    WHERE id = NEW.member_id;
END */;;
DELIMITER ;
/*!50003 SET sql_mode              = @saved_sql_mode */ ;
/*!50003 SET character_set_client  = @saved_cs_client */ ;
/*!50003 SET character_set_results = @saved_cs_results */ ;
/*!50003 SET collation_connection  = @saved_col_connection */ ;

--
-- Table structure for table `product`
--

DROP TABLE IF EXISTS `product`;
/*!40101 SET @saved_cs_client     = @@character_set_client */;
/*!50503 SET character_set_client = utf8mb4 */;
CREATE TABLE `product` (
  `id` int NOT NULL AUTO_INCREMENT,
  `name` varchar(255) NOT NULL,
  `stock` int NOT NULL,
  `price` float NOT NULL,
  `imageurl` varchar(255) DEFAULT NULL,
  `createdAt` timestamp NULL DEFAULT NULL,
  `updatedAt` timestamp NULL DEFAULT NULL,
  PRIMARY KEY (`id`)
) ENGINE=InnoDB AUTO_INCREMENT=17 DEFAULT CHARSET=utf8mb4 COLLATE=utf8mb4_0900_ai_ci;
/*!40101 SET character_set_client = @saved_cs_client */;

--
-- Dumping data for table `product`
--

LOCK TABLES `product` WRITE;
/*!40000 ALTER TABLE `product` DISABLE KEYS */;
INSERT INTO `product` VALUES (1,'Dymatize® ISO100® Hydrolyzed 5 Lbs.',10,550.7,'lib/assets/tmp/iso100.webp',NULL,'2024-08-27 17:13:10'),(2,'One® Protein Bar 2.12 Oz. (60 g)',5,10,'lib/assets/tmp/GNC800X800-2022-08-08T131357.676_800x.webp',NULL,'2024-08-27 17:41:13'),(4,'Muscletech® Nitro Tech™ 4 Lbs',20,707.5,'lib\\assets\\tmp\\GNC800X800-2022-08-08T172308.191_1400x.webp',NULL,NULL),(5,'GNC Total Lean® Lean Bar',45,19.9,'lib\\assets\\tmp\\GNC800X800-2022-08-08T130733.695_1400x.webp',NULL,NULL),(6,'GNC Total Lean® Lean Shake™ 25',12,30.25,'lib\\assets\\tmp\\GNC800X800-2022-08-08T120300.496_1400x.webp',NULL,NULL),(7,'Nature\'s Best Isopure® Protein Powder - Zero Carb Protein',18,699.95,'lib\\assets\\tmp\\GNC800X800-2022-08-08T175342.393_1400x.webp',NULL,NULL),(8,'GNC Total Lean® Lean Shake™ 25',25,413.96,'lib\\assets\\tmp\\GNC800X800-2022-08-09T124532.785_1400x.webp',NULL,NULL),(9,'Optimum Nutrition Gold Standard® 100% Whey',37,502.95,'lib\\assets\\tmp\\GNC800X800-2022-08-09T103221.683_ba932ebf-442b-422d-8966-4a5180aa5efb_1400x.webp',NULL,NULL),(10,'Nutrabolics® Mass Fusion',82,777.85,'lib\\assets\\tmp\\GNC800X800-2022-08-09T102050.609_1400x.webp',NULL,NULL);
/*!40000 ALTER TABLE `product` ENABLE KEYS */;
UNLOCK TABLES;

--
-- Table structure for table `sale`
--

DROP TABLE IF EXISTS `sale`;
/*!40101 SET @saved_cs_client     = @@character_set_client */;
/*!50503 SET character_set_client = utf8mb4 */;
CREATE TABLE `sale` (
  `id` int NOT NULL AUTO_INCREMENT,
  `total` float NOT NULL,
  `admin_id` int NOT NULL,
  `createdAt` timestamp NULL DEFAULT CURRENT_TIMESTAMP,
  `updatedAt` timestamp NULL DEFAULT CURRENT_TIMESTAMP ON UPDATE CURRENT_TIMESTAMP,
  PRIMARY KEY (`id`),
  KEY `admin_id` (`admin_id`),
  CONSTRAINT `sale_ibfk_1` FOREIGN KEY (`admin_id`) REFERENCES `user` (`member_id`)
) ENGINE=InnoDB AUTO_INCREMENT=7 DEFAULT CHARSET=utf8mb4 COLLATE=utf8mb4_0900_ai_ci;
/*!40101 SET character_set_client = @saved_cs_client */;

--
-- Dumping data for table `sale`
--

LOCK TABLES `sale` WRITE;
/*!40000 ALTER TABLE `sale` DISABLE KEYS */;
INSERT INTO `sale` VALUES (4,444.21,1,'2024-09-03 23:18:09','2024-09-03 23:18:09'),(5,2965.31,1,'2024-09-03 23:18:18','2024-09-03 23:18:18'),(6,707.5,1,'2024-09-03 23:18:25','2024-09-03 23:18:25');
/*!40000 ALTER TABLE `sale` ENABLE KEYS */;
UNLOCK TABLES;

--
-- Table structure for table `sale_item`
--

DROP TABLE IF EXISTS `sale_item`;
/*!40101 SET @saved_cs_client     = @@character_set_client */;
/*!50503 SET character_set_client = utf8mb4 */;
CREATE TABLE `sale_item` (
  `id` int DEFAULT NULL,
  `sale_id` int NOT NULL,
  `product_name` varchar(255) DEFAULT NULL,
  `price` float NOT NULL,
  `quantity` int DEFAULT NULL,
  `updatedAt` timestamp NULL DEFAULT NULL,
  `createdAt` timestamp NULL DEFAULT NULL,
  KEY `sale_id` (`sale_id`),
  CONSTRAINT `sale_item_ibfk_1` FOREIGN KEY (`sale_id`) REFERENCES `sale` (`id`)
) ENGINE=InnoDB DEFAULT CHARSET=utf8mb4 COLLATE=utf8mb4_0900_ai_ci;
/*!40101 SET character_set_client = @saved_cs_client */;

--
-- Dumping data for table `sale_item`
--

LOCK TABLES `sale_item` WRITE;
/*!40000 ALTER TABLE `sale_item` DISABLE KEYS */;
INSERT INTO `sale_item` VALUES (NULL,4,'GNC Total Lean® Lean Shake™ 25',30.25,1,'2024-09-03 23:18:09','2024-09-03 23:18:09'),(NULL,4,'GNC Total Lean® Lean Shake™ 25',413.96,1,'2024-09-03 23:18:09','2024-09-03 23:18:09'),(NULL,5,'Dymatize® ISO100® Hydrolyzed 5 Lbs.',550.7,1,'2024-09-03 23:18:18','2024-09-03 23:18:18'),(NULL,5,'GNC Total Lean® Lean Bar',19.9,1,'2024-09-03 23:18:18','2024-09-03 23:18:18'),(NULL,5,'GNC Total Lean® Lean Shake™ 25',413.96,1,'2024-09-03 23:18:18','2024-09-03 23:18:18'),(NULL,5,'Optimum Nutrition Gold Standard® 100% Whey',502.95,1,'2024-09-03 23:18:18','2024-09-03 23:18:18'),(NULL,5,'Nutrabolics® Mass Fusion',777.85,1,'2024-09-03 23:18:18','2024-09-03 23:18:18'),(NULL,5,'Nature\'s Best Isopure® Protein Powder - Zero Carb Protein',699.95,1,'2024-09-03 23:18:18','2024-09-03 23:18:18'),(NULL,6,'Muscletech® Nitro Tech™ 4 Lbs',707.5,1,'2024-09-03 23:18:25','2024-09-03 23:18:25');
/*!40000 ALTER TABLE `sale_item` ENABLE KEYS */;
UNLOCK TABLES;

--
-- Table structure for table `user`
--

DROP TABLE IF EXISTS `user`;
/*!40101 SET @saved_cs_client     = @@character_set_client */;
/*!50503 SET character_set_client = utf8mb4 */;
CREATE TABLE `user` (
  `member_id` int NOT NULL,
  `username` varchar(20) NOT NULL,
  `password` varchar(50) NOT NULL,
  `rol` varchar(15) NOT NULL,
  `employment_status` varchar(10) NOT NULL,
  `date_of_employment` date DEFAULT NULL,
  `createdAt` timestamp NULL DEFAULT CURRENT_TIMESTAMP,
  `updatedAt` timestamp NULL DEFAULT CURRENT_TIMESTAMP ON UPDATE CURRENT_TIMESTAMP,
  PRIMARY KEY (`member_id`),
  CONSTRAINT `user_ibfk_1` FOREIGN KEY (`member_id`) REFERENCES `member` (`id`)
) ENGINE=InnoDB DEFAULT CHARSET=utf8mb4 COLLATE=utf8mb4_0900_ai_ci;
/*!40101 SET character_set_client = @saved_cs_client */;

--
-- Dumping data for table `user`
--

LOCK TABLES `user` WRITE;
/*!40000 ALTER TABLE `user` DISABLE KEYS */;
INSERT INTO `user` VALUES (1,'admin','admin','ADMIN','active','2024-06-17','2024-06-20 02:49:18','2024-06-20 02:49:18');
/*!40000 ALTER TABLE `user` ENABLE KEYS */;
UNLOCK TABLES;

--
-- Dumping routines for database 'gymplus'
--
/*!40103 SET TIME_ZONE=@OLD_TIME_ZONE */;

/*!40101 SET SQL_MODE=@OLD_SQL_MODE */;
/*!40014 SET FOREIGN_KEY_CHECKS=@OLD_FOREIGN_KEY_CHECKS */;
/*!40014 SET UNIQUE_CHECKS=@OLD_UNIQUE_CHECKS */;
/*!40101 SET CHARACTER_SET_CLIENT=@OLD_CHARACTER_SET_CLIENT */;
/*!40101 SET CHARACTER_SET_RESULTS=@OLD_CHARACTER_SET_RESULTS */;
/*!40101 SET COLLATION_CONNECTION=@OLD_COLLATION_CONNECTION */;
/*!40111 SET SQL_NOTES=@OLD_SQL_NOTES */;

-- Dump completed on 2024-09-27 23:52:35
